{
  "n_patients": 199,
  "n_folds": 5,
  "mean_auc": 0.7039604270373501,
  "std_auc": 0.0646615133631266,
  "mean_metrics": {
    "auc": {
      "mean": 0.7039604270373501,
      "std": 0.0646615133631266
    },
    "accuracy": {
      "mean": 0.7287179487179487,
      "std": 0.06368117909301918
    },
    "sensitivity": {
      "mean": 0.665934065934066,
      "std": 0.08063268715535887
    },
    "specificity": {
      "mean": 0.7584045584045583,
      "std": 0.1082268648587625
    },
    "ppv": {
      "mean": 0.5960927960927961,
      "std": 0.08971314260950214
    },
    "npv": {
      "mean": 0.8207318996792681,
      "std": 0.03328630689078684
    }
  },
  "aggregate_cm": {
    "tn": 